Comment,Designator,Footprint,LCSC
"100nF","C1","Capacitor_SMD:C_0603_1608Metric","C14663"
"22pF","C2,C3","Capacitor_SMD:C_0603_1608Metric","C1653"
"Conn_01x08","J1","Connector_PinHeader_2.54mm:PinHeader_1x08_P2.54mm_Vertical",""
"Conn_01x01","J2","Connector_PinHeader_2.54mm:PinHeader_1x01_P2.54mm_Vertical",""
"0","R1","Resistor_SMD:R_0603_1608Metric","C21189"
"100k","R2","Resistor_SMD:R_0603_1608Metric_Pad1.05x0.95mm_HandSolder","C25803"
"MCP2515-xSO","U1","Package_SO:SOIC-18W_7.5x11.6mm_P1.27mm","C153782"
"X322516MLB4SI","Y1","Crystal:Crystal_SMD_3225-4Pin_3.2x2.5mm","C13738"